timestamp,thread_index,test_id,mode,target_field,target_value,payload_source,payload_label,req_payload_len,req_payload_hex,req_service_id,req_method_id,req_session_id,response_received,response_time_ms,rsp_method_id,rsp_session_id,rsp_client_id,rsp_msg_type,rsp_retcode,verdict
14:27:55.101,0,1,baseline,method_id,1,none,,0,,0xff40,0x0001,0x0010,True,92.95,0x0001,0x0010,0x1343,0x80,0x00,normal_response
14:27:56.145,0,2,baseline,method_id,1,none,,0,,0xff40,0x0001,0x0011,True,41.01,0x0001,0x0011,0x1343,0x80,0x00,normal_response
14:27:57.189,0,3,baseline,method_id,1,none,,0,,0xff40,0x0001,0x0012,True,40.16,0x0001,0x0012,0x1343,0x80,0x00,normal_response
14:27:58.325,0,4,baseline,method_id,1,none,,0,,0xff40,0x0001,0x0013,True,132.58,0x0001,0x0013,0x1343,0x80,0x00,normal_response
14:27:59.373,0,5,baseline,method_id,1,none,,0,,0xff40,0x0001,0x0014,True,44.71,0x0001,0x0014,0x1343,0x80,0x00,normal_response
14:28:00.421,0,6,baseline,method_id,1,none,,0,,0xff40,0x0001,0x0015,True,45.38,0x0001,0x0015,0x1343,0x80,0x00,normal_response
14:28:01.481,0,7,baseline,method_id,1,none,,0,,0xff40,0x0001,0x0016,True,55.10,0x0001,0x0016,0x1343,0x80,0x00,normal_response
14:28:02.545,0,8,baseline,method_id,1,none,,0,,0xff40,0x0001,0x0017,True,58.90,0x0001,0x0017,0x1343,0x80,0x00,normal_response
14:28:03.593,0,9,baseline,method_id,1,none,,0,,0xff40,0x0001,0x0018,True,44.94,0x0001,0x0018,0x1343,0x80,0x00,normal_response
14:28:04.649,0,10,baseline,method_id,1,none,,0,,0xff40,0x0001,0x0019,True,51.85,0x0001,0x0019,0x1343,0x80,0x00,normal_response
14:28:05.697,0,11,baseline,method_id,1,none,,0,,0xff40,0x0001,0x001a,True,44.37,0x0001,0x001a,0x1343,0x80,0x00,normal_response
14:28:06.745,0,12,baseline,method_id,1,none,,0,,0xff40,0x0001,0x001b,True,45.42,0x0001,0x001b,0x1343,0x80,0x00,normal_response
14:28:07.801,0,13,baseline,method_id,1,none,,0,,0xff40,0x0001,0x001c,True,51.44,0x0001,0x001c,0x1343,0x80,0x00,normal_response
14:28:08.861,0,14,baseline,method_id,1,none,,0,,0xff40,0x0001,0x001d,True,54.97,0x0001,0x001d,0x1343,0x80,0x00,normal_response
14:28:09.921,0,15,baseline,method_id,1,none,,0,,0xff40,0x0001,0x001e,True,56.67,0x0001,0x001e,0x1343,0x80,0x00,normal_response
14:28:10.981,0,16,baseline,method_id,1,none,,0,,0xff40,0x0001,0x001f,True,56.13,0x0001,0x001f,0x1343,0x80,0x00,normal_response
14:28:12.025,0,17,baseline,method_id,1,none,,0,,0xff40,0x0001,0x0020,True,40.07,0x0001,0x0020,0x1343,0x80,0x00,normal_response
14:28:13.077,0,18,baseline,method_id,1,none,,0,,0xff40,0x0001,0x0021,True,49.33,0x0001,0x0021,0x1343,0x80,0x00,normal_response
14:28:14.141,0,19,baseline,method_id,1,none,,0,,0xff40,0x0001,0x0022,True,59.75,0x0001,0x0022,0x1343,0x80,0x00,normal_response
14:28:15.197,0,20,baseline,method_id,1,none,,0,,0xff40,0x0001,0x0023,True,50.41,0x0001,0x0023,0x1343,0x80,0x00,normal_response
14:28:16.253,0,21,baseline,method_id,1,none,,0,,0xff40,0x0001,0x0024,True,50.87,0x0001,0x0024,0x1343,0x80,0x00,normal_response
14:28:17.305,0,22,baseline,method_id,1,none,,0,,0xff40,0x0001,0x0025,True,49.80,0x0001,0x0025,0x1343,0x80,0x00,normal_response
14:28:18.345,0,23,baseline,method_id,1,none,,0,,0xff40,0x0001,0x0026,True,37.76,0x0001,0x0026,0x1343,0x80,0x00,normal_response
14:28:19.389,0,24,baseline,method_id,1,none,,0,,0xff40,0x0001,0x0027,True,39.97,0x0001,0x0027,0x1343,0x80,0x00,normal_response
14:28:20.441,0,25,baseline,method_id,1,none,,0,,0xff40,0x0001,0x0028,True,49.75,0x0001,0x0028,0x1343,0x80,0x00,normal_response
14:28:21.477,0,26,baseline,method_id,1,none,,0,,0xff40,0x0001,0x0029,True,33.57,0x0001,0x0029,0x1343,0x80,0x00,normal_response
14:28:22.529,0,27,baseline,method_id,1,none,,0,,0xff40,0x0001,0x002a,True,47.09,0x0001,0x002a,0x1343,0x80,0x00,normal_response
14:28:23.577,0,28,baseline,method_id,1,none,,0,,0xff40,0x0001,0x002b,True,45.37,0x0001,0x002b,0x1343,0x80,0x00,normal_response
14:28:24.617,0,29,baseline,method_id,1,none,,0,,0xff40,0x0001,0x002c,True,37.85,0x0001,0x002c,0x1343,0x80,0x00,normal_response
14:28:25.669,0,30,baseline,method_id,1,none,,0,,0xff40,0x0001,0x002d,True,46.68,0x0001,0x002d,0x1343,0x80,0x00,normal_response
